<?xml version="1.0" encoding="UTF-8"?>
<project-private xmlns="http://www.netbeans.org/ns/project-private/1">
    <editor-bookmarks xmlns="http://www.netbeans.org/ns/editor-bookmarks/2" lastBookmarkId="0"/>
    <open-files xmlns="http://www.netbeans.org/ns/projectui-open-files/2">
        <group>
            <file>file:/C:/Users/marin/OneDrive/Documentos/NetBeansProjects/Blackjack/src/blackjack/Crupier.java</file>
            <file>file:/C:/Users/marin/OneDrive/Documentos/NetBeansProjects/Blackjack/src/blackjack/BlackjackException.java</file>
            <file>file:/C:/Users/marin/OneDrive/Documentos/NetBeansProjects/Blackjack/src/blackjack/Blackjack.java</file>
            <file>file:/C:/Users/marin/OneDrive/Documentos/NetBeansProjects/Blackjack/src/blackjack/Jugador.java</file>
            <file>file:/C:/Users/marin/OneDrive/Documentos/NetBeansProjects/Blackjack/src/blackjack/Carta.java</file>
            <file>file:/C:/Users/marin/OneDrive/Documentos/NetBeansProjects/Blackjack/src/blackjack/Juego.java</file>
            <file>file:/C:/Users/marin/OneDrive/Documentos/NetBeansProjects/Blackjack/src/blackjack/BlackjackGUI.java</file>
            <file>file:/C:/Users/marin/OneDrive/Documentos/NetBeansProjects/Blackjack/src/blackjack/Mazo.java</file>
        </group>
    </open-files>
</project-private>
